Roll Quantity,Variance
50,0.04038
100,0.023080000000000003
500,0.002807200000000001
1000,0.0023397499999999994
5000,0.0004916219999999993
10000,0.00019557999999999986
50000,3.987638e-05
100000,1.9852574999999897e-05
500000,2.3504079999999722e-06
1000000,1.4682249500000113e-06
5000000,4.208033180000363e-07
10000000,2.278163120000105e-07