Sum,Percent Mean,Variance (percent squared)
3,0.0047,9.019999999999998e-05
4,0.0115,0.00040699999999999986
5,0.028300000000000002,0.0014342
6,0.047,0.0023160000000000004
7,0.0752,0.003923199999999999
8,0.1016,0.0022048000000000002
9,0.1186,0.0025848000000000017
10,0.1242,0.002807199999999999
11,0.1206,0.0048408
12,0.1144,0.004124799999999999
13,0.09309999999999999,0.004347799999999999
14,0.0653,0.0025862
15,0.0445,0.002879
16,0.028,0.0008399999999999999
17,0.0166,0.0005048
18,0.0064,0.0001328